metric,mean,std,min,max,fold_evaluations
roc_auc,0.731990231990232,0.06021780783509239,0.5793650793650793,0.8615384615384616,50
average_precision,0.8235963037903182,0.05463873710151369,0.7110304194272992,0.9117598270036351,50
brier_score,0.24819189957979057,0.04118313141214577,0.1638500685682988,0.35129614095638656,50
accuracy,0.6993939393939396,0.060246303920743906,0.5757575757575758,0.8181818181818182,50
balanced_accuracy,0.68392673992674,0.062793370718883,0.5423076923076923,0.8035714285714286,50
precision_survival,0.7625570087156975,0.05382836686990629,0.6363636363636364,0.8571428571428571,50
recall_survival,0.7499047619047619,0.07760166624087211,0.6190476190476191,0.95,50
specificity_death,0.617948717948718,0.10718589661831157,0.38461538461538464,0.7692307692307693,50
f1_survival,0.7539330373108726,0.05239659503069171,0.65,0.8636363636363636,50
